model,elpd_loo,safe_elpd_loo,elpd_diff,safe_elpd_diff,dse,safe_dse,elpd_diff_quantile,n_bad_k,n_vars
"[rh_mean_p(1)(p=2.5, 5)]+[tp_24hmean_log_p(5)(p=2.5, 5)]+[t2m_mean_p(1)(p=5.0, 10)]",-81337.8025605061,-81330.70130216604,0.0,0.0,0.0,0.0,0.0,1,3
"[rh_mean_p(1)(p=2.5, 5)]+[tp_24hmean_log_p(5)(p=2.5, 5)]+[t2m_max_p(6)(p=2.5, 20)]",-81400.57232911662,-81334.53730973555,62.76976861052722,60.97724921247312,23.779989744877625,23.33612242498448,-0.06638278034833825,2,3
"[rh_mean_p(1)(p=2.5, 5)]+[tp_24hmean_log_p(5)(p=2.5, 5)]+[t2m_mean_p(3)(p=5.0, 10)]",-81337.25164434253,-81337.25164434253,-0.5509161635740032,1.838940589799602,15.527098149475675,15.342073978024857,-0.04488492456446311,0,3
"[rh_mean_p(1)(p=2.5, 5)]+[tp_24hmean_log_p(5)(p=2.5, 5)]+[t2m_max_p(1)(p=2.5, 20)]",-81338.32604234289,-81338.32604234289,0.5234818368006859,1.9480263469323678,19.947645446309796,19.896710424993497,-0.06944279253765373,0,3
"[rh_mean_p(1)(p=2.5, 5)]+[tp_24hmean_log_p(5)(p=2.5, 5)]+[t2m_mean_p(2)(p=5.0, 10)]",-81355.56815825497,-81342.91061461334,17.765597748873347,16.512497580317394,11.53308127581705,11.23644504478949,-0.030491309789092827,2,3
"[rh_mean_p(1)(p=2.5, 5)]+[tp_24hmean_log_p(5)(p=2.5, 5)]+[t2m_mean_p(4)(p=5.0, 10)]",-81348.8174492899,-81348.8174492899,11.014888783792445,12.930485505693381,18.24034628772171,18.13942719199683,-0.055180387584255544,0,3
"[rh_mean_p(1)(p=2.5, 5)]+[tp_24hmean_log_p(5)(p=2.5, 5)]+[t2m_max_p(3)(p=2.5, 20)]",-81354.08513932329,-81354.08513932329,16.28257881718214,17.985483752379196,22.20204887157945,22.13659114778868,-0.07270995434769816,0,3
"[rh_mean_p(1)(p=2.5, 5)]+[tp_24hmean_log_p(5)(p=2.5, 5)]+[t2m_max_p(5)(p=2.5, 20)]",-81388.69241768176,-81357.97485578917,50.88985717565711,53.892722798994704,23.25980470185219,23.16235235302906,-0.06793469491108688,1,3
"[rh_mean_p(1)(p=2.5, 5)]+[tp_24hmean_log_p(5)(p=2.5, 5)]+[t2m_max_p(2)(p=2.5, 20)]",-81359.04955521144,-81359.04955521144,21.24699470534633,22.763130568427705,20.37846291753515,20.321917088514777,-0.06913713110000332,0,3
"[rh_mean_p(1)(p=2.5, 5)]+[tp_24hmean_log_p(5)(p=2.5, 5)]+[t2m_max_p(0)(p=2.5, 20)]",-81365.85617310954,-81362.14894509155,28.05361260343767,28.693361951962927,24.519576036797076,24.466567444258885,-0.06862420338526753,1,3
"[tp_24hmean_log_p(1)(p=2.5, 5)]+[t2m_max_p(4)(p=2.5, 20)]+[tp_24hmean_log_p(6)(p=2.5, 5)]",-81369.59884459048,-81369.59884459048,31.79628408438191,35.021590265161876,44.574959665779645,44.45801938331434,-0.15230273466207012,0,3
"[rh_mean_p(1)(p=2.5, 5)]+[tp_24hmean_log_p(5)(p=2.5, 5)]+[t2m_mean_p(5)(p=5.0, 10)]",-81371.86015704,-81371.86015704,34.057596533911806,35.78258666617058,18.635562251748794,18.555419419268617,-0.0560457031694977,0,3
"[rh_mean_p(1)(p=2.5, 5)]+[tp_24hmean_log_p(5)(p=2.5, 5)]+[t2m_max_p(4)(p=2.5, 20)]",-81372.5372732824,-81372.5372732824,34.734712776303816,36.72348833806664,22.486405061444493,22.39815364899421,-0.06871217216030452,0,3
"[rh_mean_p(1)(p=2.5, 5)]+[tp_24hmean_log_p(5)(p=2.5, 5)]+[t2m_mean_p(0)(p=5.0, 10)]",-81378.25176479339,-81378.25176479339,40.44920428727909,42.63269579484235,15.753822177630504,15.60153036628517,-0.03495641712294566,0,3
"[rh_mean_p(1)(p=2.5, 5)]+[tp_24hmean_log_p(5)(p=2.5, 5)]+[t2m_mean_p(6)(p=5.0, 10)]",-81383.85066457218,-81383.85066457218,46.048104066092925,47.97052283453088,20.19770068025463,20.105817997511025,-0.05653012670072749,0,3
"[tp_24hmean_log_p(1)(p=2.5, 5)]+[t2m_mean_p(4)(p=5.0, 10)]+[tp_24hmean_log_p(6)(p=2.5, 5)]",-81385.56362657402,-81385.56362657402,47.76106606791343,50.89273567635087,43.172672800132496,43.05879122650889,-0.14577548318460318,0,3
"[rh_mean_p(1)(p=2.5, 5)]+[tp_24hmean_log_p(5)(p=2.5, 5)]+[t2m_min_p(3)(p=2.5, 20)]",-81392.66425905752,-81392.66425905752,54.86169855142343,56.65327954650804,20.782025234241203,20.704456459793438,-0.057707818736462003,0,3
"[tp_24hmean_log_p(1)(p=2.5, 5)]+[t2m_max_p(4)(p=2.5, 20)]+[tp_24hmean_log_p(5)(p=2.5, 5)]",-81394.52397539455,-81394.52397539455,56.72141488844109,59.98171548183949,34.04164413991036,33.884925650324966,-0.10605942831586149,0,3
"[rh_mean_p(1)(p=2.5, 5)]+[tp_24hmean_log_p(5)(p=2.5, 5)]+[t2m_min_p(1)(p=2.5, 20)]",-81416.07587110027,-81400.21795564577,78.27331059418378,74.48000818705923,19.714581619200594,18.67038548168543,-0.048124759752885285,1,3
"[rh_mean_p(1)(p=2.5, 5)]+[tp_24hmean_log_p(5)(p=2.5, 5)]+[t2m_min_p(4)(p=2.5, 20)]",-81404.8026386544,-81404.8026386544,67.00007814828695,68.77646467756216,23.66929086724773,23.602325475938887,-0.056867454866479546,0,3
"[tp_24hmean_log_p(1)(p=2.5, 5)]+[t2m_mean_p(4)(p=5.0, 10)]+[tp_24hmean_log_p(5)(p=2.5, 5)]",-81408.63366454988,-81408.63366454988,70.8311040437684,74.05196606613158,31.979502261251714,31.81658759033038,-0.09659501714147362,0,3
"[rh_mean_p(1)(p=2.5, 5)]+[tp_24hmean_log_p(5)(p=2.5, 5)]+[t2m_min_p(0)(p=2.5, 20)]",-81411.39847658155,-81411.39847658155,73.59591607544823,75.6882466233116,19.546151435558166,19.433507713984348,-0.05299712192454607,0,3
"[rh_mean_p(1)(p=2.5, 5)]+[tp_24hmean_log_p(5)(p=2.5, 5)]+[t2m_min_p(2)(p=2.5, 20)]",-81417.68168392469,-81417.68168392469,79.87912341857728,82.06505338908624,20.175322987373885,20.056187866721075,-0.052281459940146054,0,3
"[rh_mean_p(1)(p=2.5, 5)]+[tp_24hmean_log_p(5)(p=2.5, 5)]+[t2m_min_p(5)(p=2.5, 20)]",-81425.3817398647,-81425.3817398647,87.57917935859386,89.41150598996444,22.942454332935508,22.868872369597085,-0.05661299763277441,0,3
"[tp_24hmean_log_p(1)(p=2.5, 5)]+[t2m_max_p(4)(p=2.5, 20)]+[tp_24hmax_log_p(6)(p=2.5, 5)]",-81430.5083301764,-81430.5083301764,92.70576967029288,95.91807602866817,46.01118138471274,45.89863559995245,-0.16072166185809994,0,3
"[tp_24hmean_log_p(1)(p=2.5, 5)]+[t2m_max_p(4)(p=2.5, 20)]+[tp_24hmax_log_p(5)(p=2.5, 5)]",-81435.00499840092,-81435.00499840092,97.20243789483615,100.44837880218614,38.222955633227684,38.08453195809161,-0.1279362301077839,0,3
"[tp_24hmean_log_p(1)(p=2.5, 5)]+[t2m_mean_p(4)(p=5.0, 10)]+[tp_24hmax_log_p(6)(p=2.5, 5)]",-81453.73125441687,-81447.1237461261,115.92869391077387,118.87367121752274,44.83925801465579,44.73250972167681,-0.15809300061091455,1,3
"[rh_mean_p(1)(p=2.5, 5)]+[tp_24hmean_log_p(5)(p=2.5, 5)]+[t2m_min_p(6)(p=2.5, 20)]",-81463.05088414627,-81447.90929882968,125.24832364017759,117.297196257753,25.383906134252918,23.290798390454285,-0.06323673601186358,1,3
"[tp_24hmean_log_p(1)(p=2.5, 5)]+[t2m_mean_p(4)(p=5.0, 10)]+[tp_24hmax_log_p(5)(p=2.5, 5)]",-81453.52034719038,-81453.52034719038,115.71778668427628,118.89908318926479,36.46471768074922,36.325252956912806,-0.12172865448492837,0,3
"[tp_24hmean_log_p(1)(p=2.5, 5)]+[t2m_max_p(4)(p=2.5, 20)]+[rh_mean_p(5)(p=2.5, 5)]",-81460.02353302826,-81460.02353302826,122.22097252217011,125.41557660997873,40.307645385612325,40.180442232047874,-0.14012542072466055,0,3
"[tp_24hmean_log_p(1)(p=2.5, 5)]+[t2m_max_p(4)(p=2.5, 20)]+[rh_mean_p(6)(p=2.5, 5)]",-81486.13394430459,-81486.13394430459,148.33138379848302,151.53293194413465,48.111090981482334,48.00403422298526,-0.16623210513661252,0,3
"[tp_24hmean_log_p(1)(p=2.5, 5)]+[t2m_mean_p(4)(p=5.0, 10)]+[rh_mean_p(5)(p=2.5, 5)]",-81490.23016665097,-81490.23016665097,152.42760614488293,155.49648260259332,38.12242405872322,37.99818380329804,-0.1339697597534247,0,3
"[tp_24hmean_log_p(1)(p=2.5, 5)]+[t2m_mean_p(4)(p=5.0, 10)]+[t2m_mean_p(6)(p=5.0, 10)]",-81529.7767212416,-81529.7767212416,191.97416073548249,195.04227575630563,49.21258618030992,49.116351528330654,-0.16765634021265896,0,3
"[tp_24hmean_log_p(1)(p=2.5, 5)]+[t2m_mean_p(4)(p=5.0, 10)]+[rh_mean_p(6)(p=2.5, 5)]",-81532.60886690071,-81532.60886690071,194.8063063946184,197.83196923718782,45.44369193901471,45.3423108601974,-0.16245588282790216,0,3
"[tp_24hmean_log_p(1)(p=2.5, 5)]+[t2m_max_p(4)(p=2.5, 20)]+[tp_24hmean_log_p(4)(p=2.5, 5)]",-81533.1497285965,-81533.1497285965,195.3471680904027,198.6124135923652,44.939404493229105,44.820026986726546,-0.15135920496025868,0,3
"[tp_24hmean_log_p(1)(p=2.5, 5)]+[t2m_max_p(4)(p=2.5, 20)]+[tp_24hmax_log_p(4)(p=2.5, 5)]",-81550.63008808979,-81539.71295097287,212.827527583701,215.83727630874768,45.67707789890633,45.559008448221654,-0.15499163198445207,1,3
"[tp_24hmean_log_p(1)(p=2.5, 5)]+[t2m_max_p(4)(p=2.5, 20)]+[t2m_max_p(6)(p=2.5, 20)]",-81549.81487231227,-81549.81487231227,212.01231180617825,215.23857127879126,50.74640977446403,50.643184099720514,-0.16492329149093837,0,3
"[tp_24hmean_log_p(1)(p=2.5, 5)]+[t2m_max_p(4)(p=2.5, 20)]+[rh_mean_p(4)(p=2.5, 5)]",-81559.75454532873,-81559.75454532873,221.95198482263163,225.2256951292352,44.42044686945549,44.29896282383415,-0.1486887664479859,0,3
"[rh_mean_p(1)(p=2.5, 5)]+[tp_24hmean_log_p(5)(p=2.5, 5)]+[tp_24hmean_log_p(2)(p=2.5, 5)]",-81560.81606974147,-81560.81606974147,223.0135092353733,225.19636805996706,35.78277372621841,35.7155617452619,-0.10058740241556596,0,3
"[tp_24hmean_log_p(1)(p=2.5, 5)]+[t2m_max_p(4)(p=2.5, 20)]+[t2m_max_p(0)(p=2.5, 20)]",-81561.28601620387,-81561.28601620387,223.4834556977709,226.6277430915457,51.03418288325848,50.936651664103664,-0.1718851291034266,0,3
"[tp_24hmean_log_p(1)(p=2.5, 5)]+[t2m_max_p(4)(p=2.5, 20)]+[t2m_max_p(1)(p=2.5, 20)]",-81567.47263840048,-81567.4706654427,229.6700778943884,232.58677571341377,51.531728928403105,51.448828982708775,-0.1750439987130104,1,3
"[tp_24hmean_log_p(1)(p=2.5, 5)]+[t2m_mean_p(4)(p=5.0, 10)]+[tp_24hmean_log_p(4)(p=2.5, 5)]",-81569.98436151035,-81569.98436151035,232.18180100424286,235.38357345623444,43.06158824415446,42.941667878803145,-0.14598314130875567,0,3
"[tp_24hmean_log_p(1)(p=2.5, 5)]+[t2m_mean_p(4)(p=5.0, 10)]+[t2m_min_p(6)(p=2.5, 20)]",-81577.96349511943,-81577.96349511943,240.16093461333026,243.30826372662372,47.558563692298115,47.45364135595138,-0.15816417775189215,0,3
"[tp_24hmean_log_p(1)(p=2.5, 5)]+[t2m_mean_p(4)(p=5.0, 10)]+[rh_mean_p(4)(p=2.5, 5)]",-81583.1474896904,-81583.1474896904,245.34492918429532,248.58677583791342,42.61418135058303,42.489908842760535,-0.14366488803429006,0,3
"[tp_24hmean_log_p(1)(p=2.5, 5)]+[t2m_mean_p(4)(p=5.0, 10)]+[tp_24hmax_log_p(4)(p=2.5, 5)]",-81586.18727306476,-81586.18727306476,248.3847125586624,251.57398717737175,43.158028430880904,43.039257587605015,-0.15097575949329922,0,3
"[rh_mean_p(1)(p=2.5, 5)]+[tp_24hmean_log_p(5)(p=2.5, 5)]+[tp_24hmax_log_p(2)(p=2.5, 5)]",-81591.81530319632,-81591.81530319632,254.0127426902265,256.8423242944482,34.08423438296553,33.96569483773441,-0.09504318424590504,0,3
"[tp_24hmean_log_p(1)(p=2.5, 5)]+[t2m_mean_p(4)(p=5.0, 10)]+[rh_mean_p(0)(p=2.5, 5)]",-81604.38563609125,-81598.45242153943,266.5830755851524,268.57671055916296,49.25545763379303,49.154004875951834,-0.17392791886988096,1,3
"[tp_24hmean_log_p(1)(p=2.5, 5)]+[t2m_max_p(4)(p=2.5, 20)]+[t2m_max_p(2)(p=2.5, 20)]",-81607.93386861356,-81607.93386861356,270.13130810746344,273.1870311545491,53.13290251550569,53.04431061605534,-0.17697371361944114,0,3
"[tp_24hmean_log_p(1)(p=2.5, 5)]+[t2m_max_p(4)(p=2.5, 20)]+[t2m_min_p(2)(p=2.5, 20)]",-81608.40253821315,-81608.40253821315,270.5999777070563,273.8415679485715,52.86168388770614,52.76150469628509,-0.16679943660820667,0,3
"[rh_mean_p(1)(p=2.5, 5)]+[tp_24hmean_log_p(5)(p=2.5, 5)]+[tp_24hmean_log_p(1)(p=2.5, 5)]",-81608.92821394347,-81608.92821394347,271.1256534373723,273.9915162822668,32.42441474450459,32.29651015903485,-0.08938760567998259,0,3
"[tp_24hmean_log_p(1)(p=2.5, 5)]+[t2m_max_p(4)(p=2.5, 20)]+[rh_mean_p(2)(p=2.5, 5)]",-81614.601936864,-81609.27603335251,276.79937635789224,279.710903899089,54.363233892106656,54.28331216336901,-0.17772056972539405,1,3
"[tp_24hmean_log_p(1)(p=2.5, 5)]+[t2m_mean_p(4)(p=5.0, 10)]+[t2m_max_p(6)(p=2.5, 20)]",-81610.01450929468,-81610.01450929468,272.211948788571,275.24322035506736,48.003740888776925,47.907218279969285,-0.1676413143421968,0,3
"[tp_24hmean_log_p(1)(p=2.5, 5)]+[t2m_max_p(4)(p=2.5, 20)]+[t2m_min_p(0)(p=2.5, 20)]",-81612.81626604631,-81612.81626604631,275.0137055402114,278.25538116360684,52.206640125945206,52.10518477939686,-0.16580137725616526,0,3
"[tp_24hmean_log_p(1)(p=2.5, 5)]+[t2m_max_p(4)(p=2.5, 20)]+[t2m_min_p(1)(p=2.5, 20)]",-81613.58200319018,-81613.58200319018,275.7794426840751,279.01858257387266,53.02876954790212,52.929043946305114,-0.16461841597593754,0,3
"[tp_24hmean_log_p(1)(p=2.5, 5)]+[t2m_max_p(4)(p=2.5, 20)]+[tp_24hmean_log_p(2)(p=2.5, 5)]",-81616.43654294386,-81616.43654294386,278.6339824377698,281.59394613652773,54.697125472033,54.616345777613894,-0.18228045854151526,0,3
"[tp_24hmean_log_p(1)(p=2.5, 5)]+[t2m_max_p(4)(p=2.5, 20)]+[t2m_min_p(3)(p=2.5, 20)]",-81618.52815215357,-81618.52815215357,280.7255916474645,283.9144746490128,53.87185115883029,53.77669144687301,-0.1705235829616484,0,3
"[tp_24hmean_log_p(1)(p=2.5, 5)]+[t2m_max_p(4)(p=2.5, 20)]+[rh_mean_p(0)(p=2.5, 5)]",-81619.33755774423,-81619.33755774423,281.5349972381417,284.73804349782506,52.33761730493383,52.238791149829936,-0.16929642888645874,0,3
"[tp_24hmean_log_p(1)(p=2.5, 5)]+[t2m_mean_p(4)(p=5.0, 10)]+[rh_mean_p(1)(p=2.5, 5)]",-81620.44994214023,-81620.44994214023,282.64738163413836,285.63088963049915,47.78887503452901,47.69491362803235,-0.17073671316107525,0,3
"[rh_mean_p(1)(p=2.5, 5)]+[tp_24hmean_log_p(5)(p=2.5, 5)]+[tp_24hmean_log_p(6)(p=2.5, 5)]",-81621.43604534533,-81621.43604534533,283.6334848392204,285.4741805770143,34.675749437576066,34.62623057263002,-0.09483070932309269,0,3
"[rh_mean_p(1)(p=2.5, 5)]+[tp_24hmean_log_p(5)(p=2.5, 5)]+[tp_24hmean_log_p(0)(p=2.5, 5)]",-81622.57691775789,-81622.57691775789,284.7743572518061,287.1069014811129,30.941287246194005,30.85234217943876,-0.08709123364682017,0,3
"[tp_24hmean_log_p(1)(p=2.5, 5)]+[t2m_max_p(4)(p=2.5, 20)]+[t2m_min_p(5)(p=2.5, 20)]",-81625.49213491975,-81625.49213491975,287.6895744136478,290.90936543347453,52.30054185409768,52.200595775098684,-0.16590106225496873,0,3
"[tp_24hmean_log_p(1)(p=2.5, 5)]+[t2m_max_p(4)(p=2.5, 20)]+[rh_mean_p(1)(p=2.5, 5)]",-81626.66575699273,-81626.66575699273,288.8631964866269,291.91873548277476,51.41591205227421,51.324321071198774,-0.16620318007205487,0,3
"[tp_24hmean_log_p(1)(p=2.5, 5)]+[t2m_max_p(4)(p=2.5, 20)]+[t2m_min_p(4)(p=2.5, 20)]",-81627.72221604579,-81627.72221604579,289.91965553969067,293.1332355056628,53.60837131985726,53.51123720985449,-0.17012470922370576,0,3
"[rh_mean_p(1)(p=2.5, 5)]+[tp_24hmean_log_p(5)(p=2.5, 5)]+[rh_mean_p(6)(p=2.5, 5)]",-81657.6226974852,-81630.35986267714,319.8201369790977,315.7211224848826,31.753884411193514,31.187120475491085,-0.08320027559369905,1,3
"[tp_24hmean_log_p(1)(p=2.5, 5)]+[t2m_mean_p(4)(p=5.0, 10)]+[t2m_min_p(5)(p=2.5, 20)]",-81630.40139808685,-81630.40139808685,292.59883758075034,295.74015192067736,45.67191168200142,45.56291085550771,-0.1520561397137094,0,3
"[tp_24hmean_log_p(1)(p=2.5, 5)]+[t2m_mean_p(4)(p=5.0, 10)]+[t2m_max_p(0)(p=2.5, 20)]",-81631.75566710025,-81631.75566710025,293.9531065941603,296.85758962992054,48.81244785993058,48.725226629531015,-0.17053050076108608,0,3
"[tp_24hmean_log_p(1)(p=2.5, 5)]+[t2m_max_p(4)(p=2.5, 20)]+[t2m_mean_p(3)(p=5.0, 10)]",-81633.56325233457,-81633.56325233457,295.76069182847624,299.0288859101786,50.74802885709534,50.64188533843093,-0.16521958938034415,0,3
"[tp_24hmean_log_p(1)(p=2.5, 5)]+[t2m_mean_p(4)(p=5.0, 10)]+[t2m_max_p(1)(p=2.5, 20)]",-81633.81998427153,-81633.81967404077,296.01742376542734,298.82687400420804,49.285535928775026,49.2046844334959,-0.172400179004999,1,3
"[tp_24hmean_log_p(1)(p=2.5, 5)]+[t2m_max_p(4)(p=2.5, 20)]+[t2m_mean_p(6)(p=5.0, 10)]",-81636.26740670612,-81636.26740670612,298.4648462000191,301.70748758261567,53.35145392994924,53.25206124895942,-0.16856026166091276,0,3
"[tp_24hmean_log_p(1)(p=2.5, 5)]+[t2m_mean_p(4)(p=5.0, 10)]+[t2m_mean_p(5)(p=5.0, 10)]",-81636.89614186714,-81636.89614186714,299.0935813610432,302.1825365574258,48.91582316459916,48.81740376030983,-0.1658981536677182,0,3
"[tp_24hmean_log_p(1)(p=2.5, 5)]+[t2m_max_p(4)(p=2.5, 20)]+[t2m_max_p(5)(p=2.5, 20)]",-81637.2651059541,-81637.2651059541,299.46254544799655,302.69130358566673,53.43689926370848,53.33850876234867,-0.16701447015487544,0,3
"[tp_24hmean_log_p(1)(p=2.5, 5)]+[t2m_max_p(4)(p=2.5, 20)]+[tp_24hmean_log_p(3)(p=2.5, 5)]",-81637.72638564391,-81637.72638564391,299.92382513781286,303.1564457365178,51.17007063699852,51.067066344680796,-0.16754731026795755,0,3
"[tp_24hmean_log_p(1)(p=2.5, 5)]+[t2m_max_p(4)(p=2.5, 20)]+[t2m_mean_p(4)(p=5.0, 10)]",-81638.05194842562,-81638.05194842562,300.24938791952025,303.4647467593437,51.34100331753482,51.239432160617476,-0.1662932525910623,0,3
"[tp_24hmean_log_p(1)(p=2.5, 5)]+[t2m_mean_p(4)(p=5.0, 10)]+[t2m_max_p(4)(p=2.5, 20)]",-81638.30985823469,-81638.30985823469,300.5072977285836,303.72295055161055,51.36579106544691,51.26424983538014,-0.16628493025410093,0,3
"[tp_24hmean_log_p(1)(p=2.5, 5)]+[t2m_max_p(4)(p=2.5, 20)]+[t2m_min_p(6)(p=2.5, 20)]",-81638.96518920884,-81638.96518920884,301.1626287027449,304.39227817603194,52.68527047267746,52.58541435185397,-0.16800505615424696,0,3
"[tp_24hmean_log_p(1)(p=2.5, 5)]+[t2m_mean_p(4)(p=5.0, 10)]+[t2m_max_p(3)(p=2.5, 20)]",-81640.6922013401,-81640.69204870792,302.889640834003,306.0580035435336,50.87006477907291,50.77051679237169,-0.16817004475175673,1,3
"[tp_24hmean_log_p(1)(p=2.5, 5)]+[t2m_max_p(4)(p=2.5, 20)]+[tp_24hmax_log_p(3)(p=2.5, 5)]",-81640.8462011164,-81640.8462011164,303.0436406102906,306.2974822429927,50.84051361986801,50.735470161593824,-0.16799935820338455,0,3
"[tp_24hmean_log_p(1)(p=2.5, 5)]+[t2m_max_p(4)(p=2.5, 20)]+[t2m_mean_p(5)(p=5.0, 10)]",-81642.67700744857,-81642.67700744857,304.8744469424778,308.10024117197474,53.11814821650113,53.01933359745081,-0.16686225359715473,0,3
"[tp_24hmean_log_p(1)(p=2.5, 5)]+[t2m_mean_p(4)(p=5.0, 10)]+[t2m_max_p(5)(p=2.5, 20)]",-81643.62475256357,-81643.62475256357,305.8221920574566,308.85550798636274,50.86020439314484,50.76890660702846,-0.1673678463382239,0,3
"[tp_24hmean_log_p(1)(p=2.5, 5)]+[t2m_max_p(4)(p=2.5, 20)]+[t2m_mean_p(2)(p=5.0, 10)]",-81653.35482685962,-81645.19241927602,315.55226635351755,315.294752848127,52.249725577262495,52.09155312151576,-0.1664490905881305,1,3
"[tp_24hmean_log_p(1)(p=2.5, 5)]+[t2m_max_p(4)(p=2.5, 20)]+[rh_mean_p(3)(p=2.5, 5)]",-81645.91384878772,-81645.91384878772,308.1112882816268,311.2535717204954,51.106728003007134,51.00924232615843,-0.1603214967418115,0,3
"[tp_24hmean_log_p(1)(p=2.5, 5)]+[t2m_mean_p(4)(p=5.0, 10)]+[rh_mean_p(2)(p=2.5, 5)]",-81646.08272705672,-81646.08272705672,308.28016655061924,311.11433480309546,50.75306668218954,50.67315148625143,-0.1811685575080425,0,3
"[tp_24hmean_log_p(1)(p=2.5, 5)]+[t2m_max_p(4)(p=2.5, 20)]+[tp_24hmax_log_p(2)(p=2.5, 5)]",-81647.29110033647,-81647.29110033647,309.48853983036486,312.7197621906756,53.88695081018855,53.789209909200615,-0.1791200887012579,0,3
"[rh_mean_p(1)(p=2.5, 5)]+[tp_24hmean_log_p(5)(p=2.5, 5)]+[tp_24hmean_log_p(3)(p=2.5, 5)]",-81648.26629514093,-81648.26629514093,310.4637346348253,312.49267850373406,33.88147972415137,33.819897345673155,-0.0895051127176853,0,3
"[tp_24hmean_log_p(1)(p=2.5, 5)]+[t2m_max_p(4)(p=2.5, 20)]+[tp_24hmean_log_p(0)(p=2.5, 5)]",-81648.74279582404,-81648.74279582404,310.94023531794585,314.190167430944,52.731106154626694,52.63005844669806,-0.1739423126748456,0,3
"[tp_24hmean_log_p(1)(p=2.5, 5)]+[t2m_mean_p(4)(p=5.0, 10)]+[tp_24hmean_log_p(2)(p=2.5, 5)]",-81648.94531293008,-81648.94531293008,311.14275242397594,313.74653024475924,50.57488788217055,50.50714763447817,-0.17940137610615178,0,3
"[rh_mean_p(1)(p=2.5, 5)]+[tp_24hmean_log_p(5)(p=2.5, 5)]+[rh_mean_p(2)(p=2.5, 5)]",-81696.44204983616,-81649.59947396623,358.63948933006213,354.57618219284154,31.344997493971295,30.713599187324164,-0.07889278623122425,1,3
"[tp_24hmean_log_p(1)(p=2.5, 5)]+[t2m_max_p(4)(p=2.5, 20)]+[t2m_mean_p(1)(p=5.0, 10)]",-81650.33297536953,-81650.33213814418,312.53041486343767,314.98422734976276,51.921420003770805,51.86279757135646,-0.16560577594374384,2,3
"[rh_mean_p(1)(p=2.5, 5)]+[tp_24hmean_log_p(5)(p=2.5, 5)]+[tp_24hmax_log_p(6)(p=2.5, 5)]",-81654.60774330053,-81654.60774330053,316.8051827944343,318.7380555976864,35.05166606653449,34.99760227192069,-0.09009040278220902,0,3
"[tp_24hmean_log_p(1)(p=2.5, 5)]+[t2m_max_p(4)(p=2.5, 20)]+[t2m_max_p(3)(p=2.5, 20)]",-81655.14927827376,-81655.14927827376,317.3467177676572,320.5572028143631,54.192372215105934,54.09640340587857,-0.17117192325299052,0,3
"[rh_mean_p(1)(p=2.5, 5)]+[tp_24hmean_log_p(5)(p=2.5, 5)]+[tp_24hmax_log_p(3)(p=2.5, 5)]",-81655.57621015077,-81655.57621015077,317.7736496446714,320.2191103815212,32.47849522562565,32.385297254052325,-0.08731304894035255,0,3
"[tp_24hmean_log_p(1)(p=2.5, 5)]+[t2m_mean_p(4)(p=5.0, 10)]+[t2m_max_p(2)(p=2.5, 20)]",-81656.68312596818,-81656.68312596818,318.88056546208685,321.79129075779053,49.73540352794574,49.64937570812258,-0.17375637030689547,0,3
"[tp_24hmean_log_p(1)(p=2.5, 5)]+[t2m_max_p(4)(p=2.5, 20)]+[t2m_mean_p(0)(p=5.0, 10)]",-81658.1335583221,-81658.13350718288,320.3309978160056,323.56580923499024,52.35287634529843,52.25201804879316,-0.1684330932539212,1,3
"[rh_mean_p(1)(p=2.5, 5)]+[tp_24hmean_log_p(5)(p=2.5, 5)]+[tp_24hmax_log_p(0)(p=2.5, 5)]",-81662.17572561512,-81662.17572561512,324.3731651090096,326.50711109580607,30.37363769010441,30.297629310493377,-0.07931582843010221,0,3
"[tp_24hmean_log_p(1)(p=2.5, 5)]+[t2m_max_p(4)(p=2.5, 20)]+[tp_24hmax_log_p(1)(p=2.5, 5)]",-81664.83334123174,-81664.83334123174,327.0307807256502,330.2050026323511,52.94926895163863,52.85321816583124,-0.16768522898792995,0,3
"[rh_mean_p(1)(p=2.5, 5)]+[tp_24hmean_log_p(5)(p=2.5, 5)]+[tp_24hmax_log_p(1)(p=2.5, 5)]",-81665.49362448097,-81665.49362448097,327.6910639748819,330.3085131490054,30.9892045139788,30.877307611187728,-0.07722588128759221,0,3
"[tp_24hmean_log_p(1)(p=2.5, 5)]+[t2m_mean_p(4)(p=5.0, 10)]+[tp_24hmean_log_p(0)(p=2.5, 5)]",-81669.50529116741,-81669.50529116741,331.70273066131085,334.8442073819366,48.44057117571116,48.33769757225728,-0.17072538986392624,0,3
"[tp_24hmean_log_p(1)(p=2.5, 5)]+[t2m_max_p(4)(p=2.5, 20)]+[tp_24hmax_log_p(0)(p=2.5, 5)]",-81672.11942394695,-81672.11942394695,334.31686344084335,337.55453485508883,53.03049136553754,52.93071005623737,-0.1712092987064772,0,3
"[tp_24hmean_log_p(1)(p=2.5, 5)]+[t2m_mean_p(4)(p=5.0, 10)]+[t2m_min_p(2)(p=2.5, 20)]",-81673.75586720493,-81673.75586720493,335.9533066988337,339.07414952677414,49.26103863734904,49.161190813070085,-0.16967039950378188,0,3
"[tp_24hmean_log_p(1)(p=2.5, 5)]+[t2m_mean_p(4)(p=5.0, 10)]+[tp_24hmax_log_p(3)(p=2.5, 5)]",-81674.1846756758,-81674.1846756758,336.3821151697089,339.51950094388707,47.02408283745388,46.918365425301815,-0.16206463026828005,0,3
"[tp_24hmean_log_p(1)(p=2.5, 5)]+[t2m_mean_p(4)(p=5.0, 10)]+[tp_24hmean_log_p(3)(p=2.5, 5)]",-81676.11095516598,-81676.11095516598,338.30839465987236,341.4095034059072,47.82556618150598,47.72400094378391,-0.16202541205367746,0,3
"[tp_24hmean_log_p(1)(p=2.5, 5)]+[t2m_mean_p(4)(p=5.0, 10)]+[t2m_min_p(1)(p=2.5, 20)]",-81687.11941241019,-81678.21679375945,349.3168519040913,353.43687410377964,49.119932336082236,49.009403574348475,-0.1669648973487913,1,3
"[tp_24hmean_log_p(1)(p=2.5, 5)]+[t2m_mean_p(4)(p=5.0, 10)]+[t2m_min_p(0)(p=2.5, 20)]",-81679.16274116622,-81679.16274116622,341.3601806601254,344.4817308842832,48.4198314170719,48.31818484419483,-0.166183177777047,0,3
"[tp_24hmean_log_p(1)(p=2.5, 5)]+[t2m_mean_p(4)(p=5.0, 10)]+[tp_24hmax_log_p(2)(p=2.5, 5)]",-81679.70164071379,-81679.70164071379,341.89908020769235,344.96409123402407,49.893481064196926,49.79836971439506,-0.17594889763676425,0,3
"[tp_24hmean_log_p(1)(p=2.5, 5)]+[t2m_mean_p(4)(p=5.0, 10)]+[t2m_mean_p(0)(p=5.0, 10)]",-81680.01652660794,-81680.01652660794,342.2139661018497,345.2070750917461,49.70275969877403,49.61169282989031,-0.16832160241077185,0,3
"[rh_mean_p(1)(p=2.5, 5)]+[tp_24hmean_log_p(5)(p=2.5, 5)]+[rh_mean_p(0)(p=2.5, 5)]",-81680.18021620844,-81680.18021620844,342.3776557023358,344.3960439269585,30.98388390466626,30.917138705215315,-0.0780634187165159,0,3
"[tp_24hmean_log_p(1)(p=2.5, 5)]+[t2m_mean_p(4)(p=5.0, 10)]+[t2m_mean_p(1)(p=5.0, 10)]",-81681.01271809741,-81681.01188740306,343.2101575913029,345.6040471107854,48.926485638254825,48.86719954287858,-0.16817870330324533,2,3
"[tp_24hmean_log_p(1)(p=2.5, 5)]+[t2m_max_p(4)(p=2.5, 20)]",-81681.083282937,-81681.083282937,343.280722430903,346.5124311023879,53.1987342104423,53.099611133554184,-0.17035777427564192,0,2
"[tp_24hmean_log_p(1)(p=2.5, 5)]+[t2m_mean_p(4)(p=5.0, 10)]+[t2m_min_p(4)(p=2.5, 20)]",-81683.6471255364,-81683.6471255364,345.8445650303016,348.9703200711068,47.14067135094528,47.0359676246885,-0.15991892004491393,0,3
"[tp_24hmean_log_p(1)(p=2.5, 5)]+[t2m_mean_p(4)(p=5.0, 10)]+[rh_mean_p(3)(p=2.5, 5)]",-81685.1334500858,-81685.1334500858,347.33088957970585,350.3448279075888,47.90827370043261,47.81246100891739,-0.1608598994159291,0,3
"[rh_mean_p(1)(p=2.5, 5)]+[tp_24hmean_log_p(5)(p=2.5, 5)]+[tp_24hmean_log_p(4)(p=2.5, 5)]",-81685.21518092093,-81685.21518092093,347.41262041483674,349.40859194862196,31.662209315916506,31.598317867626974,-0.08350029802099962,0,3
"[tp_24hmean_log_p(1)(p=2.5, 5)]+[t2m_mean_p(4)(p=5.0, 10)]+[t2m_mean_p(2)(p=5.0, 10)]",-81686.03367090906,-81686.03356983441,348.23111040296766,350.7090816705663,49.38770694627548,49.32477606065144,-0.16982021507047204,2,3
"[rh_mean_p(1)(p=2.5, 5)]+[tp_24hmean_log_p(5)(p=2.5, 5)]+[tp_24hmax_log_p(4)(p=2.5, 5)]",-81689.0082734524,-81689.0082734524,351.20571294631554,353.07484796883284,30.390290931894267,30.331852833555295,-0.07962460884172913,0,3
"[tp_24hmean_log_p(1)(p=2.5, 5)]+[t2m_mean_p(4)(p=5.0, 10)]+[tp_24hmax_log_p(1)(p=2.5, 5)]",-81689.6684467982,-81689.6684467982,351.8658862921118,354.82811816911453,48.70655761601741,48.61550043925441,-0.16472010537790177,0,3
"[tp_24hmean_log_p(1)(p=2.5, 5)]+[t2m_mean_p(4)(p=5.0, 10)]+[t2m_min_p(3)(p=2.5, 20)]",-81694.8534597756,-81694.8534597756,357.05089926949995,360.07527506932837,49.91575642834969,49.82314421738749,-0.1743853749574015,0,3
"[tp_24hmean_log_p(1)(p=2.5, 5)]+[t2m_mean_p(4)(p=5.0, 10)]+[tp_24hmax_log_p(0)(p=2.5, 5)]",-81695.10254227014,-81695.10254227014,357.2999817640365,360.41273605542125,48.70186323800512,48.601330714708624,-0.16793955373174507,0,3
"[tp_24hmean_log_p(1)(p=2.5, 5)]+[t2m_mean_p(4)(p=5.0, 10)]+[t2m_mean_p(3)(p=5.0, 10)]",-81699.58732487759,-81699.58732487759,361.7847643714865,364.9568167032395,48.316562774403984,48.21133131198861,-0.16502241210891277,0,3
"[tp_24hmean_log_p(1)(p=2.5, 5)]+[t2m_mean_p(4)(p=5.0, 10)]",-81705.10987364204,-81705.10987364204,367.30731313593503,370.3906861506184,48.78816593225081,48.68966374448401,-0.16760257397233785,0,2
"[rh_mean_p(1)(p=2.5, 5)]+[tp_24hmean_log_p(5)(p=2.5, 5)]+[rh_mean_p(5)(p=2.5, 5)]",-81710.17498449855,-81710.17498449855,372.3724239924467,374.02665110326535,30.739926592333518,30.694546108095533,-0.0734435748681378,0,3
"[rh_mean_p(1)(p=2.5, 5)]+[tp_24hmean_log_p(5)(p=2.5, 5)]+[rh_mean_p(4)(p=2.5, 5)]",-81710.18855404352,-81710.18855404352,372.3859935374105,374.359675075695,29.456913110874844,29.389673912664414,-0.07285271325150725,0,3
"[rh_mean_p(1)(p=2.5, 5)]+[tp_24hmean_log_p(5)(p=2.5, 5)]+[rh_mean_p(3)(p=2.5, 5)]",-81719.1787519458,-81719.1787519458,381.3761914397026,382.9380705242163,29.10095060845762,29.058150116704855,-0.07329689732712978,0,3
"[rh_mean_p(1)(p=2.5, 5)]+[tp_24hmean_log_p(5)(p=2.5, 5)]+[tp_24hmax_log_p(5)(p=2.5, 5)]",-81723.1819288318,-81723.1819288318,385.3793683256994,387.3145784389785,29.208700199983504,29.14345282182385,-0.07198309552273019,0,3
"[rh_mean_p(1)(p=2.5, 5)]+[tp_24hmean_log_p(5)(p=2.5, 5)]",-81724.26950528107,-81724.26950528107,386.4669447749793,388.3287649318748,28.680894584716786,28.619350826663787,-0.07076538836999156,0,2
"[rh_mean_p(1)(p=2.5, 5)]+[t2m_mean_p(3)(p=5.0, 10)]",-81725.92866533839,-81725.92866533839,388.12610483229736,390.9660358969818,47.37585541135198,47.289686225763816,-0.16210215826531496,0,2
"[rh_mean_p(0)(p=2.5, 5)]+[t2m_mean_p(4)(p=5.0, 10)]",-81732.56011364088,-81726.71393911375,394.75755313479016,396.7389918488025,53.43750488215739,53.35083586748878,-0.17081939918169342,1,2
"[tp_24hmean_log_p(1)(p=2.5, 5)]+[tp_24hmean_log_p(6)(p=2.5, 5)]",-81727.46006157747,-81727.46006157747,389.65750107137666,392.77004488035027,49.925219799988625,49.82708455788239,-0.16179469158556903,0,2
"[tp_24hmean_log_p(1)(p=2.5, 5)]+[t2m_max_p(3)(p=2.5, 20)]",-81727.59593535804,-81727.59593535804,389.7933748519325,392.995629792412,52.816922948832534,52.71876957478365,-0.17331326999266886,0,2
"[rh_mean_p(1)(p=2.5, 5)]+[t2m_mean_p(4)(p=5.0, 10)]",-81729.23577234,-81729.23577234,391.4332118339086,393.4662379688169,47.729255966638966,47.685241114927955,-0.16390940592107453,0,2
"[tp_24hmean_log_p(1)(p=2.5, 5)]+[tp_24hmean_log_p(5)(p=2.5, 5)]",-81743.06041018,-81743.06041018,405.2578496739087,408.4664841689962,38.51609872363502,38.3808016069571,-0.10854444952808928,0,2
"[tp_24hmean_log_p(1)(p=2.5, 5)]+[t2m_mean_p(3)(p=5.0, 10)]",-81748.59404684376,-81748.59404684376,410.7914863376619,414.0365499910299,49.49211460313114,49.384487888247634,-0.16663866818662856,0,2
"[rh_mean_p(1)(p=2.5, 5)]+[t2m_max_p(4)(p=2.5, 20)]",-81750.25059414413,-81750.25059414413,412.4480336380352,414.6082445755816,51.978951518644806,51.93332727601893,-0.16244057168655215,0,2
"[rh_mean_p(1)(p=2.5, 5)]+[tp_24hmean_log_p(6)(p=2.5, 5)]",-81754.98595888307,-81754.98595888307,417.18339837697636,418.98590524155037,46.196471922932744,46.16061268816109,-0.13466153354701157,0,2
"[rh_mean_p(0)(p=2.5, 5)]+[t2m_mean_p(3)(p=5.0, 10)]",-81759.78827016905,-81759.78827016905,421.98570966295244,425.1831052123242,52.74878074381741,52.65071564200373,-0.1689398506190699,0,2
"[tp_24hmean_log_p(1)(p=2.5, 5)]+[t2m_max_p(5)(p=2.5, 20)]",-81761.22402846628,-81761.22402846628,423.4214679601886,426.39981496966686,55.13474446756466,55.053285014354756,-0.17133826550419196,0,2
"[rh_mean_p(1)(p=2.5, 5)]+[t2m_max_p(3)(p=2.5, 20)]",-81762.21509735796,-81762.21509735796,424.4125368518411,426.4499429936726,51.65237349222035,51.611475854683135,-0.16357729491694292,0,2
"[rh_mean_p(0)(p=2.5, 5)]+[t2m_max_p(4)(p=2.5, 20)]",-81776.89149203987,-81776.89149203987,439.0889315337753,442.23391041708527,56.565482582663066,56.47696534392881,-0.168908158110477,0,2
"[tp_24hmean_log_p(1)(p=2.5, 5)]+[t2m_mean_p(5)(p=5.0, 10)]",-81784.30698710657,-81784.30698710657,446.5044266004669,449.5258309427711,50.82256509633252,50.73156402889948,-0.16821494612333868,0,2
"[tp_24hmean_log_p(1)(p=2.5, 5)]+[t2m_max_p(1)(p=2.5, 20)]",-81811.08088652042,-81811.08088652042,473.27832601432544,476.0952088437222,52.13617832241716,52.05895636331991,-0.18123801328465422,0,2
"[rh_mean_p(0)(p=2.5, 5)]+[t2m_max_p(3)(p=2.5, 20)]",-81820.3211313386,-81814.65970418221,482.51857083250115,484.88879136277205,55.7241583580622,55.632515880596216,-0.17226137797293758,1,2
"[tp_24hmean_log_p(1)(p=2.5, 5)]+[t2m_max_p(0)(p=2.5, 20)]",-81816.26881852082,-81816.26881852082,478.4662580147333,481.29240635069607,52.000724100337706,51.92278187895773,-0.17924709506351635,0,2
"[rh_mean_p(1)(p=2.5, 5)]+[t2m_mean_p(5)(p=5.0, 10)]",-81826.13238626081,-81826.13238626081,488.3298257547181,490.10685913916495,49.53218547522709,49.49956577658253,-0.16801450430062773,0,2
"[tp_24hmean_log_p(1)(p=2.5, 5)]+[t2m_max_p(2)(p=2.5, 20)]",-81826.22547299847,-81826.22547299847,488.42291249237496,491.46470618436365,52.031816039873796,51.94163373253131,-0.18003292181657038,0,2
"[tp_24hmean_log_p(1)(p=2.5, 5)]+[tp_24hmax_log_p(5)(p=2.5, 5)]",-81833.84615345624,-81833.84615345624,496.0435929501406,499.2029286267353,43.34888899316688,43.23209357015286,-0.13366195472135092,0,2
"[rh_mean_p(0)(p=2.5, 5)]+[t2m_mean_p(5)(p=5.0, 10)]",-81835.41998172106,-81835.41998172106,497.6174212149636,500.40790662330494,54.67750610946532,54.60519122807586,-0.1713340704072888,0,2
"[tp_24hmean_log_p(1)(p=2.5, 5)]+[rh_mean_p(5)(p=2.5, 5)]",-81835.92003348353,-81835.92003348353,498.1174729774211,501.16286704078004,43.55895879148924,43.45091249329698,-0.14288165782264742,0,2
"[rh_mean_p(1)(p=2.5, 5)]+[t2m_min_p(0)(p=2.5, 20)]",-81841.48282148015,-81841.48282148015,503.68026097405675,506.00233432354196,48.3177585793746,48.2609166161005,-0.16243841157726216,0,2
"[tp_24hmean_log_p(1)(p=2.5, 5)]+[t2m_mean_p(2)(p=5.0, 10)]",-81841.68285294967,-81841.68285294967,503.88029244357045,506.4904387817603,50.048132447171476,49.978924156564155,-0.17019453281426714,0,2
"[rh_mean_p(1)(p=2.5, 5)]+[t2m_mean_p(2)(p=5.0, 10)]",-81842.30677821094,-81842.30677821094,504.5042177048464,506.5024092238115,47.35392204725958,47.310854163609186,-0.1626160280684865,0,2
"[rh_mean_p(1)(p=2.5, 5)]+[t2m_mean_p(1)(p=5.0, 10)]",-81842.47372988863,-81842.47372988863,504.6711693825352,505.381301257063,47.054748253355946,47.04906856441289,-0.1684389629954823,0,2
"[rh_mean_p(0)(p=2.5, 5)]+[tp_24hmean_log_p(6)(p=2.5, 5)]",-81853.1537525938,-81847.39227601013,515.3511920876969,517.4574016514807,50.70652095023846,50.61407031793724,-0.15553891784758955,1,2
"[tp_24hmean_log_p(1)(p=2.5, 5)]+[t2m_mean_p(1)(p=5.0, 10)]",-81848.59245602114,-81848.59245602114,510.7898955150423,513.2473196133047,49.60740287787251,49.54544020677245,-0.1705369577292328,0,2
"[tp_24hmean_log_p(1)(p=2.5, 5)]+[t2m_max_p(6)(p=2.5, 20)]",-81850.729879048,-81850.729879048,512.9273185418884,515.9093080079147,55.914933752407805,55.83421739612753,-0.17744458176911174,0,2
"[tp_24hmean_log_p(1)(p=2.5, 5)]+[t2m_mean_p(6)(p=5.0, 10)]",-81852.98241613765,-81852.98241613765,515.179855631562,518.220012595745,52.388880507701046,52.299344750255166,-0.17733973047117574,0,2
"[rh_mean_p(1)(p=2.5, 5)]+[t2m_max_p(5)(p=2.5, 20)]",-81853.06738861024,-81853.06738861024,515.2648281041527,516.5531177871314,53.74885045691894,53.732891557479405,-0.1675539738742686,0,2
"[tp_24hmean_log_p(1)(p=2.5, 5)]+[tp_24hmax_log_p(6)(p=2.5, 5)]",-81855.86908451651,-81855.86908451651,518.0665240104017,521.1029039116322,55.171797930529344,55.08698874381074,-0.17155025849846872,0,2
"[rh_mean_p(1)(p=2.5, 5)]+[rh_mean_p(5)(p=2.5, 5)]",-81856.28100230804,-81856.28100230804,518.4784418019328,519.60529562255,34.21771636661971,34.198440391203206,-0.10882994921217418,0,2
"[rh_mean_p(1)(p=2.5, 5)]+[tp_24hmax_log_p(5)(p=2.5, 5)]",-81857.00251672836,-81857.00251672836,519.1999562222481,521.0657632317561,37.486887713093545,37.43934473335573,-0.10054470967854634,0,2
"[tp_24hmean_log_p(1)(p=2.5, 5)]+[t2m_mean_p(0)(p=5.0, 10)]",-81857.61591620109,-81857.61591620109,519.8133556949875,522.8141817214009,49.954420733677686,49.86290141920766,-0.17462154643018943,0,2
"[rh_mean_p(0)(p=2.5, 5)]+[t2m_min_p(3)(p=2.5, 20)]",-81863.73178802207,-81858.11061283902,525.9292275159755,527.7236621230979,57.72223471213856,57.66419365799489,-0.18399476947461652,1,2
"[rh_mean_p(0)(p=2.5, 5)]+[t2m_min_p(2)(p=2.5, 20)]",-81859.295430125,-81859.295430125,521.4928696189056,524.3577797976741,55.68724674088723,55.61238149667432,-0.17401757087663589,0,2
"[tp_24hmean_log_p(1)(p=2.5, 5)]+[t2m_min_p(2)(p=2.5, 20)]",-81859.61783017888,-81859.61783017888,521.8152696727609,524.8965346289897,52.22429550801359,52.13203033404938,-0.17196462259204146,0,2
"[tp_24hmean_log_p(1)(p=2.5, 5)]+[t2m_min_p(1)(p=2.5, 20)]",-81878.93403293715,-81860.99573741025,541.1314724310448,536.1771461695903,52.39835919358108,51.689347567240674,-0.17036994910416614,1,2
"[tp_24hmean_log_p(1)(p=2.5, 5)]+[t2m_min_p(3)(p=2.5, 20)]",-81862.80955645138,-81862.80955645138,525.0069959452837,527.910993621933,53.04077703247393,52.960018019638525,-0.17842101642928265,0,2
"[rh_mean_p(1)(p=2.5, 5)]+[t2m_min_p(1)(p=2.5, 20)]",-81883.09842539737,-81863.82861495143,545.2958648912725,538.3682440746979,50.678314069665475,49.74893042304491,-0.1676247375625952,1,2
"[rh_mean_p(1)(p=2.5, 5)]+[t2m_max_p(2)(p=2.5, 20)]",-81864.32816634659,-81864.32816634659,526.5256058405026,528.4915765478928,49.73793462030898,49.69819493936212,-0.1702328465872292,0,2
"[rh_mean_p(0)(p=2.5, 5)]+[t2m_max_p(5)(p=2.5, 20)]",-81865.91550466066,-81865.91550466066,528.1129441545678,530.8696509038557,58.47014366782605,58.40408107042777,-0.172453291704888,0,2
"[tp_24hmean_log_p(1)(p=2.5, 5)]+[t2m_min_p(0)(p=2.5, 20)]",-81867.81164564453,-81867.81164564453,530.009085138425,533.1043326366294,51.06694539945644,50.97171143454252,-0.16972337042137298,0,2
"[rh_mean_p(0)(p=2.5, 5)]+[t2m_min_p(1)(p=2.5, 20)]",-81893.68925324376,-81873.16505545017,555.8866927376599,548.1422810134807,56.36101178408282,55.27999948522577,-0.17434974441037704,1,2
"[rh_mean_p(0)(p=2.5, 5)]+[tp_24hmean_log_p(5)(p=2.5, 5)]",-81874.97673202862,-81874.97673202862,537.1741715225155,540.2533671649383,38.54929777902555,38.4243255112313,-0.10180780763165026,0,2
"[rh_mean_p(1)(p=2.5, 5)]+[t2m_max_p(1)(p=2.5, 20)]",-81877.68028399853,-81877.68028399853,539.8777234924302,541.6231183126603,51.506439292860826,51.47609229465272,-0.1766034755316543,0,2
"[rh_mean_p(0)(p=2.5, 5)]+[t2m_mean_p(2)(p=5.0, 10)]",-81885.71410928102,-81877.92820957128,547.9115487749241,547.7977824227721,53.20399416445185,53.08010417562115,-0.16916096050494187,1,2
"[rh_mean_p(0)(p=2.5, 5)]+[t2m_mean_p(0)(p=5.0, 10)]",-81897.0136722629,-81891.55706062127,559.2111117567969,561.6305270253947,52.75694033208554,52.671306870924596,-0.17513736938542665,1,2
"[rh_mean_p(0)(p=2.5, 5)]+[t2m_min_p(0)(p=2.5, 20)]",-81902.08932244728,-81896.17881310973,564.2867619411736,566.1856399953579,54.830200689431514,54.74536454797068,-0.17399532704377632,1,2
"[rh_mean_p(0)(p=2.5, 5)]+[t2m_mean_p(1)(p=5.0, 10)]",-81900.81388871768,-81900.81388871768,563.0113282115788,564.3063849720095,53.23489300678069,53.2185639847972,-0.17209433419010944,0,2
"[tp_24hmean_log_p(1)(p=2.5, 5)]+[t2m_min_p(4)(p=2.5, 20)]",-81901.31899929231,-81901.31899929231,563.5164387862201,566.4753054513246,53.8510770840906,53.76843279317781,-0.18085599917515302,0,2
"[rh_mean_p(1)(p=2.5, 5)]+[t2m_min_p(2)(p=2.5, 20)]",-81905.59148059551,-81905.59148059551,567.7889200894126,570.2938951461355,50.59814605426025,50.5349252047936,-0.17357122607842368,0,2
"[rh_mean_p(0)(p=2.5, 5)]+[t2m_max_p(1)(p=2.5, 20)]",-81906.01684946122,-81906.01684946122,568.2142889551217,570.426915698476,55.23261201006569,55.18732321698984,-0.18048188002524745,0,2
"[rh_mean_p(1)(p=2.5, 5)]+[tp_24hmax_log_p(6)(p=2.5, 5)]",-81909.76328325315,-81909.76328325315,571.9607227470558,573.8524865103252,53.94387752941989,53.90985689074188,-0.1490201653789143,0,2
"[rh_mean_p(0)(p=2.5, 5)]+[t2m_max_p(2)(p=2.5, 20)]",-81919.1719315314,-81913.5769038309,581.3693710252858,583.5116133723916,55.51724465344958,55.44166771263964,-0.17951164503614905,1,2
"[tp_24hmean_log_p(1)(p=2.5, 5)]+[rh_mean_p(6)(p=2.5, 5)]",-81914.24304757765,-81914.24304757765,576.4404870715609,579.4151549476345,51.04092093802021,50.95276005720596,-0.17454764387036198,0,2
"[rh_mean_p(1)(p=2.5, 5)]+[t2m_mean_p(0)(p=5.0, 10)]",-81915.75678568527,-81915.75678568527,577.9542251791705,580.1567888475137,47.87350240728509,47.82169543937176,-0.17364981651988964,0,2
"[rh_mean_p(0)(p=2.5, 5)]+[t2m_max_p(0)(p=2.5, 20)]",-81919.71072160998,-81916.47438739732,581.9081611038821,584.2819445164912,55.27645175677112,55.20974571015278,-0.18032927108754715,1,2
"[rh_mean_p(0)(p=2.5, 5)]+[rh_mean_p(5)(p=2.5, 5)]",-81924.08856391301,-81917.74830943241,586.2860034069089,588.8120867334103,42.08578910576292,41.99275716610571,-0.1341501355098494,1,2
"[rh_mean_p(1)(p=2.5, 5)]+[t2m_mean_p(6)(p=5.0, 10)]",-81931.5980767283,-81926.31071778228,593.7955162222115,595.7545652962285,51.76118478265171,51.71629083801972,-0.176080878812909,1,2
"[rh_mean_p(1)(p=2.5, 5)]+[t2m_max_p(0)(p=2.5, 20)]",-81933.44453584039,-81928.17486784312,595.641975334285,597.1540114280774,51.17125675242678,51.143322073397265,-0.17933669949351735,1,2
"[tp_24hmean_log_p(1)(p=2.5, 5)]+[t2m_min_p(5)(p=2.5, 20)]",-81929.37182996853,-81929.37182996853,591.5692694624358,594.5561489066255,53.08090457345151,52.995409340747614,-0.17660283849814606,0,2
"[rh_mean_p(1)(p=2.5, 5)]+[t2m_max_p(6)(p=2.5, 20)]",-81957.83765547392,-81930.19471634961,620.0350949678232,620.9934534347311,54.442573125833405,54.39950219916781,-0.17528740636958315,2,2
"[rh_mean_p(0)(p=2.5, 5)]+[t2m_max_p(6)(p=2.5, 20)]",-81954.59962620235,-81931.40189132086,616.7970656962536,617.8824919127876,59.407080655508466,59.318087038425524,-0.17834755576413883,1,2
"[rh_mean_p(1)(p=2.5, 5)]+[t2m_min_p(3)(p=2.5, 20)]",-81936.9116168035,-81936.9116168035,599.1090562973986,601.1383370290281,52.03578368190527,51.99522234542892,-0.18119942889945945,0,2
"[rh_mean_p(1)(p=2.5, 5)]+[rh_mean_p(4)(p=2.5, 5)]",-81937.19142278272,-81937.19142278272,599.3888622766196,601.3691742463539,41.87632890528725,41.828292176258046,-0.11952090988645914,0,2
"[rh_mean_p(0)(p=2.5, 5)]+[t2m_mean_p(6)(p=5.0, 10)]",-81939.55773013936,-81939.55773013936,601.7551696332634,604.6049094927782,56.55110576365569,56.477989610054124,-0.17857666901105668,0,2
"[rh_mean_p(0)(p=2.5, 5)]+[t2m_min_p(4)(p=2.5, 20)]",-81946.877521977,-81941.25447539508,609.0749614709024,610.9616868768023,57.951208509558114,57.889114999414296,-0.18537858410393931,1,2
"[rh_mean_p(1)(p=2.5, 5)]+[tp_24hmean_log_p(4)(p=2.5, 5)]",-81941.61903624726,-81941.61903624726,603.8164757411568,605.6890503371338,43.65559923351854,43.61433509759899,-0.13272379451907107,0,2
"[tp_24hmean_log_p(1)(p=2.5, 5)]+[rh_mean_p(4)(p=2.5, 5)]",-81942.1592389184,-81942.1592389184,604.3566784122992,607.5919973072316,47.68401927392367,47.57241972999798,-0.1527443799654315,0,2
"[tp_24hmean_log_p(1)(p=2.5, 5)]+[tp_24hmean_log_p(4)(p=2.5, 5)]",-81945.73908760736,-81945.73908760736,607.9365271012668,611.13292022663,48.39357076900955,48.286214195431484,-0.15721419443346715,0,2
"[tp_24hmean_log_p(1)(p=2.5, 5)]+[t2m_min_p(6)(p=2.5, 20)]",-81954.08927900315,-81954.08927900315,616.2867184970506,619.286477965672,53.34798453936574,53.262129968523894,-0.17738416097595366,0,2
"[rh_mean_p(0)(p=2.5, 5)]+[tp_24hmax_log_p(5)(p=2.5, 5)]",-81963.48927916231,-81957.4387227369,625.6867186562083,627.5820327867958,45.397801873208905,45.283100476250816,-0.1285073355412415,1,2
"[rh_mean_p(1)(p=2.5, 5)]+[rh_mean_p(6)(p=2.5, 5)]",-81961.45967735467,-81961.45967735467,623.6571168485594,625.1062546532488,45.97651955577642,45.95285204512054,-0.14824274941328605,0,2
"[rh_mean_p(0)(p=2.5, 5)]+[tp_24hmax_log_p(6)(p=2.5, 5)]",-81978.71418288269,-81978.71418288269,640.9116223765839,643.7529750699426,56.642618259993014,56.56996366535144,-0.1679410399400741,0,2
"[rh_mean_p(0)(p=2.5, 5)]+[rh_mean_p(6)(p=2.5, 5)]",-81984.12163469175,-81984.12163469175,646.3190741856608,648.960129512046,51.952103053414255,51.883554318408756,-0.16681927593577123,0,2
"[rh_mean_p(1)(p=2.5, 5)]+[t2m_min_p(4)(p=2.5, 20)]",-81987.3163366119,-81987.3163366119,649.5137761057958,651.4619967282491,52.131548605321285,52.09411604970053,-0.18040829822912843,0,2
"[rh_mean_p(0)(p=2.5, 5)]+[t2m_min_p(5)(p=2.5, 20)]",-82003.70372019813,-81998.11439224143,665.9011596920345,667.9180434073164,57.21474364911486,57.14767774749684,-0.18146194560680337,1,2
"[tp_24hmean_log_p(1)(p=2.5, 5)]+[tp_24hmax_log_p(4)(p=2.5, 5)]",-82006.40540210664,-82006.40540210664,668.6028416005374,671.7833520141701,49.223496131129835,49.11882843710121,-0.16374000974813008,0,2
"[rh_mean_p(1)(p=2.5, 5)]+[t2m_min_p(5)(p=2.5, 20)]",-82007.26871758343,-82007.26871758343,669.4661570773283,671.4382476857595,51.36268266019429,51.3237329043574,-0.17591734408093132,0,2
"[rh_mean_p(0)(p=2.5, 5)]+[t2m_min_p(6)(p=2.5, 20)]",-82046.27400844163,-82040.68607920558,708.4714479355314,710.5513104791139,57.08784112739471,57.01762815781861,-0.17857944392513908,1,2
"[rh_mean_p(1)(p=2.5, 5)]+[t2m_min_p(6)(p=2.5, 20)]",-82046.4663572007,-82046.4663572007,708.6637966945867,710.6961171200071,51.77928034716534,51.738216241492616,-0.17350544478573268,0,2
"[rh_mean_p(1)(p=2.5, 5)]+[tp_24hmax_log_p(4)(p=2.5, 5)]",-82050.00852355931,-82050.00852355931,712.2059630532149,714.0489751606133,45.1119432431745,45.073060835567226,-0.1440746955601335,0,2
"[rh_mean_p(0)(p=2.5, 5)]+[rh_mean_p(4)(p=2.5, 5)]",-82065.97794724704,-82065.97794724704,728.1753867409469,731.2939410958782,49.828155409393275,49.72856290508948,-0.1475871367738855,0,2
"[rh_mean_p(0)(p=2.5, 5)]+[tp_24hmean_log_p(4)(p=2.5, 5)]",-82108.62916900052,-82093.4749199074,770.8266084944115,774.325347514575,52.15280380783452,52.04453771699137,-0.15830929355545323,2,2
"[rh_mean_p(0)(p=2.5, 5)]+[tp_24hmax_log_p(4)(p=2.5, 5)]",-82155.67829730676,-82145.65435859826,817.8757368006696,821.554915864237,52.76313351420641,52.66919729532036,-0.16782432086846485,1,2
"[rh_mean_p(1)(p=2.5, 5)]+[rh_mean_p(3)(p=2.5, 5)]",-82161.43085416559,-82161.43085416559,823.6282936594914,825.4285692381786,48.66124959363684,48.62665830853446,-0.14320043273629574,0,2
"[tp_24hmean_log_p(1)(p=2.5, 5)]+[rh_mean_p(3)(p=2.5, 5)]",-82170.10306535853,-82170.10306535853,832.3005048524456,835.3791899043097,53.22784358031696,53.13671848814093,-0.1698401111999435,0,2
"[tp_24hmean_log_p(1)(p=2.5, 5)]+[tp_24hmean_log_p(3)(p=2.5, 5)]",-82175.79824059675,-82175.79824059675,837.9956800906544,841.0515441203938,54.29901565632186,54.2109835621965,-0.1800427616232423,0,2
"[rh_mean_p(1)(p=2.5, 5)]+[tp_24hmean_log_p(0)(p=2.5, 5)]",-82179.84945939422,-82179.84945939422,842.0468988881161,844.7771210364865,54.31990762883553,54.249479109487744,-0.18195748978184592,0,2
"[tp_24hmean_log_p(1)(p=2.5, 5)]+[tp_24hmean_log_p(2)(p=2.5, 5)]",-82183.36344346966,-82183.36344346966,845.5608829635556,848.0054046302357,57.81249962037691,57.75929757236732,-0.19877543119739338,0,2
"[rh_mean_p(0)(p=2.5, 5)]+[tp_24hmean_log_p(2)(p=2.5, 5)]",-82184.5886192504,-82184.5886192504,846.7860587443122,848.6364583082711,60.87163443191604,60.84242371666929,-0.19841829893714655,0,2
"[rh_mean_p(0)(p=2.5, 5)]+[tp_24hmean_log_p(1)(p=2.5, 5)]",-82189.06503801684,-82189.06503801684,851.2624775107347,854.1780188532443,56.02984144175522,55.952079820834506,-0.18501290156304973,0,2
"[tp_24hmean_log_p(1)(p=2.5, 5)]+[rh_mean_p(0)(p=2.5, 5)]",-82189.1217182869,-82189.1217182869,851.3191577807986,854.2345169892812,56.03952710461244,55.961788422409874,-0.18497088685276394,0,2
"[tp_24hmean_log_p(1)(p=2.5, 5)]+[tp_24hmax_log_p(3)(p=2.5, 5)]",-82195.319480704,-82195.319480704,857.5169201979065,860.6074768465909,54.92543195840478,54.8363929755374,-0.1788363617154037,0,2
"[tp_24hmean_log_p(1)(p=2.5, 5)]+[rh_mean_p(2)(p=2.5, 5)]",-82211.68657646321,-82211.68657646321,873.8840159571068,876.8123514805316,56.16715496304193,56.08885953050806,-0.18862904009245407,0,2
"[tp_24hmean_log_p(1)(p=2.5, 5)]+[tp_24hmean_log_p(0)(p=2.5, 5)]",-82212.94509523333,-82212.94509523333,875.1425347272259,878.2318213620765,55.92854384442793,55.84113451864063,-0.18987484963988877,0,2
"[tp_24hmean_log_p(1)(p=2.5, 5)]+[rh_mean_p(1)(p=2.5, 5)]",-82214.14570464878,-82214.14570464878,876.3431441426861,879.3636691562758,55.152043863476706,55.06725938532636,-0.18142809838450732,0,2
"[rh_mean_p(1)(p=2.5, 5)]+[tp_24hmean_log_p(1)(p=2.5, 5)]",-82214.52963088156,-82214.52963088156,876.727070375466,879.7476927648302,55.16794912022282,55.08318283544548,-0.18140974129436352,0,2
"[tp_24hmean_log_p(1)(p=2.5, 5)]+[tp_24hmax_log_p(2)(p=2.5, 5)]",-82226.94730572196,-82226.94730572196,889.1447452158732,892.1338461751068,56.82135718718922,56.74072322638709,-0.19357553146089973,0,2
"[rh_mean_p(1)(p=2.5, 5)]+[tp_24hmean_log_p(3)(p=2.5, 5)]",-82227.11682998188,-82227.11682998188,889.314269475773,891.2554712343692,52.05776662758436,52.02016970150072,-0.16824331971189188,0,2
"[rh_mean_p(0)(p=2.5, 5)]+[tp_24hmax_log_p(2)(p=2.5, 5)]",-82251.3707787971,-82245.6504606942,913.5682182909977,915.61637021245,60.02444352723876,59.95112740559119,-0.1958261480861001,1,2
"[rh_mean_p(1)(p=2.5, 5)]+[tp_24hmax_log_p(0)(p=2.5, 5)]",-82253.98726919285,-82253.98726919285,916.1847086867522,918.7258390624551,55.10226076757599,55.041865219641366,-0.1802608074291758,0,2
"[tp_24hmean_log_p(1)(p=2.5, 5)]+[tp_24hmax_log_p(1)(p=2.5, 5)]",-82254.03805493137,-82254.03805493137,916.2354944252717,919.0628573127756,56.610697060646274,56.5381317017943,-0.18368651463108848,0,2
"[tp_24hmean_log_p(1)(p=2.5, 5)]+[tp_24hmax_log_p(0)(p=2.5, 5)]",-82254.06599219234,-82254.06599219234,916.2634316862368,919.293699415642,56.20156852407789,56.11774761082157,-0.18563239577189816,0,2
"[rh_mean_p(1)(p=2.5, 5)]+[tp_24hmax_log_p(3)(p=2.5, 5)]",-82264.50844643764,-82259.25605310922,926.7058859315446,928.562549469265,52.724200245711195,52.68513460502743,-0.17072627456979605,1,2
"[tp_24hmean_log_p(1)(p=2.5, 5)]",-82269.97769108161,-82269.97769108161,932.1751305755129,935.1716237186236,56.401808082320976,56.32007961830704,-0.18611838825116114,0,1
"[rh_mean_p(0)(p=2.5, 5)]+[rh_mean_p(1)(p=2.5, 5)]",-82272.18099636564,-82272.18099636564,934.3784358595334,936.9603179162799,55.94753313713488,55.88612006906815,-0.17701505567432463,0,2
"[rh_mean_p(1)(p=2.5, 5)]+[rh_mean_p(0)(p=2.5, 5)]",-82272.31683125952,-82272.31683125952,934.514270753419,937.1016504880971,55.95497932189657,55.89331612323842,-0.17709896315334783,0,2
"[rh_mean_p(0)(p=2.5, 5)]+[tp_24hmax_log_p(1)(p=2.5, 5)]",-82291.68367504791,-82286.0037073579,953.8811145418175,956.0633496426999,57.598395805969545,57.51767731955014,-0.18377510948542586,1,2
"[rh_mean_p(0)(p=2.5, 5)]+[tp_24hmean_log_p(3)(p=2.5, 5)]",-82293.01015807208,-82293.01015807208,955.2075975659855,957.9994026845544,59.09409701797707,59.02622282395799,-0.1836425307240557,0,2
"[rh_mean_p(1)(p=2.5, 5)]+[tp_24hmean_log_p(2)(p=2.5, 5)]",-82299.28870544705,-82299.28870544705,961.4861449409509,963.6104234163116,58.352588967677654,58.312441599199246,-0.19893967722409092,0,2
"[rh_mean_p(0)(p=2.5, 5)]+[rh_mean_p(3)(p=2.5, 5)]",-82299.91736370773,-82299.91736370773,962.1148032016285,964.9603392031188,56.66783076318998,56.594318604731846,-0.17113115658856126,0,2
"[rh_mean_p(0)(p=2.5, 5)]+[tp_24hmax_log_p(3)(p=2.5, 5)]",-82306.05946785139,-82300.43395757824,968.2569073452935,970.5027210395033,59.56976888764886,59.49186624956365,-0.1819241255252866,1,2
"[rh_mean_p(1)(p=2.5, 5)]+[tp_24hmax_log_p(1)(p=2.5, 5)]",-82307.3499330903,-82307.3499330903,969.547372584205,972.4259273852297,55.350125057853894,55.27311057767255,-0.1829322753312504,0,2
"[rh_mean_p(0)(p=2.5, 5)]+[rh_mean_p(2)(p=2.5, 5)]",-82307.77865263249,-82307.77865263249,969.9760921263988,972.2921602215447,59.93038166240772,59.884039990240545,-0.18730683123639638,0,2
"[rh_mean_p(1)(p=2.5, 5)]+[tp_24hmax_log_p(2)(p=2.5, 5)]",-82321.9339179894,-82321.9339179894,984.1313574832977,986.7315022886985,56.1544703876595,56.092330507468674,-0.1944582654678328,0,2
"[rh_mean_p(0)(p=2.5, 5)]+[tp_24hmean_log_p(0)(p=2.5, 5)]",-82344.4793629314,-82344.4793629314,1006.6768024252885,1009.651239815864,59.836126581943134,59.76005545617449,-0.19055446808467988,0,2
"[rh_mean_p(1)(p=2.5, 5)]+[rh_mean_p(2)(p=2.5, 5)]",-82350.9215848642,-82350.9215848642,1013.119024358111,1015.2651427856922,53.96387153004698,53.919488649029255,-0.17174621789444658,0,2
"[rh_mean_p(0)(p=2.5, 5)]+[tp_24hmax_log_p(0)(p=2.5, 5)]",-82365.44428001154,-82365.44428001154,1027.641719505437,1030.4821282587927,60.250860844309855,60.18184098807618,-0.18486142245479018,0,2
"[rh_mean_p(1)(p=2.5, 5)]",-82388.24895176003,-82388.24895176003,1050.4463912539422,1052.4894088227998,55.10844118156123,55.068922661449875,-0.18012481386624835,0,1
"[rh_mean_p(0)(p=2.5, 5)]",-82391.50593823002,-82391.50593823002,1053.7033777239305,1056.4972239386427,59.901445201082126,59.83419658600927,-0.18209184112893556,0,1
"[tp_24hmean_log_p(6)(p=2.5, 5)]",-82407.56301289299,-82407.56301289299,1069.7604523869002,1072.901543252236,56.00825993996146,55.91759619765986,-0.18265924934909777,0,1
"[t2m_max_p(4)(p=2.5, 20)]",-82458.29454495454,-82458.29454495454,1120.4919844484427,1123.7143439467518,62.7629793462534,62.67779369012611,-0.17794789322450452,0,1
"[t2m_max_p(4)(p=2.5, 5)]",-82465.25016587923,-82465.25016587923,1127.447605373136,1130.6689095674935,62.54762129809222,62.46218206264929,-0.1768738071796534,0,1
"[tp_24hmean_log_p(2)(p=2.5, 5)]",-82470.96511906864,-82470.96511906864,1133.162558562542,1134.91502573288,66.80677750948571,66.78253727463621,-0.20124143957596524,0,1
"[tp_24hmean_log_p(0)(p=2.5, 5)]",-82488.63868619772,-82488.63868619772,1150.836125691622,1154.0182468873436,60.84398666414537,60.75819521412107,-0.1935356033373854,0,1
"[t2m_max_p(0)(p=2.5, 20)]",-82503.2193454114,-82503.2193454114,1165.4167849053101,1167.879261482636,65.33315266529165,65.28488613912558,-0.18190538687687088,0,1
"[tp_24hmax_log_p(1)(p=2.5, 5)]",-82518.01646849822,-82518.01646849822,1180.2139079921167,1183.3727946474,58.694115306825346,58.60638601603228,-0.1890790298289776,0,1
"[tp_24hmean_log_p(5)(p=2.5, 5)]",-82526.47680099482,-82526.47680099482,1188.6742404887314,1191.87845773744,45.79332715535059,45.67759784179321,-0.14332977978381223,0,1
"[t2m_max_p(3)(p=2.5, 20)]",-82534.84034090332,-82534.84034090332,1197.037780397224,1200.250527052049,61.410888271536045,61.32416726667765,-0.17663265400319655,0,1
"[t2m_mean_p(4)(p=5.0, 10)]",-82535.58023200143,-82535.58023200143,1197.7776714953238,1200.921786592524,59.83146291549392,59.746156083356915,-0.17636036401197333,0,1
"[t2m_mean_p(4)(p=2.5, 5)]",-82540.58774655842,-82540.58206079013,1202.7851860523147,1206.0574515708254,59.9713787596309,59.88414327818385,-0.17664722523465318,98,1
"[t2m_max_p(0)(p=2.5, 5)]",-82547.29507974519,-82547.28969165105,1209.492519239095,1212.2340412703322,65.80505394987456,65.74710079820531,-0.18095047883492799,11,1
"[t2m_max_p(5)(p=2.5, 5)]",-82558.09092981758,-82558.09092981758,1220.2883693114807,1223.3500241296965,65.31257785781305,65.2383795945892,-0.17885906497291906,0,1
"[t2m_max_p(3)(p=2.5, 5)]",-82558.51470437615,-82558.51470437615,1220.712143870057,1223.9309775399047,60.46431157144297,60.37584856786139,-0.17686016700979582,0,1
"[t2m_max_p(5)(p=2.5, 20)]",-82558.56161258185,-82558.56161258185,1220.7590520757503,1223.8231677199433,65.43474521131785,65.36056747540955,-0.17828691501122412,0,1
"[tp_24hmax_log_p(6)(p=2.5, 5)]",-82576.77415398542,-82576.77415398542,1238.9715934793167,1242.0592400539463,63.257784164701754,63.17984859635328,-0.18733207872657723,0,1
"[t2m_mean_p(3)(p=5.0, 10)]",-82583.27619755235,-82583.27619755235,1245.4736370462463,1248.6915448942211,60.107776317319185,60.018782290883,-0.17559961276602787,0,1
"[t2m_mean_p(3)(p=2.5, 5)]",-82584.31743237538,-82584.31743237538,1246.514871869274,1249.733268460645,60.25910340439837,60.170304288231726,-0.1749523170419669,0,1
"[t2m_min_p(1)(p=2.5, 20)]",-82614.96690521494,-82594.70129034232,1277.1643447088436,1269.9753526449244,62.197288462458374,61.252330483213704,-0.17865018426960796,1,1
"[t2m_min_p(1)(p=2.5, 5)]",-82627.63516524788,-82605.9369077262,1289.832604741779,1281.1944220142277,61.60534671618827,60.39114985950956,-0.17632949678625437,1,1
"[t2m_min_p(2)(p=2.5, 20)]",-82609.07042279634,-82609.07042279634,1271.2678622902479,1274.4375423520569,62.066348499059146,61.982636523189974,-0.1831569097864151,0,1
"[t2m_mean_p(5)(p=5.0, 10)]",-82614.73711108766,-82614.73711108766,1276.93455058155,1280.0328140187034,61.71351807129208,61.63300765076899,-0.17794828404754812,0,1
"[t2m_mean_p(0)(p=5.0, 10)]",-82617.02889488029,-82617.02889488029,1279.226334374201,1282.1135687131073,60.81435727993305,60.743232835966545,-0.17763722950027017,0,1
"[t2m_min_p(2)(p=2.5, 5)]",-82618.45634417004,-82618.45634417004,1280.653783663946,1283.8076992287884,61.403037819070995,61.31922639518221,-0.18099746818101395,0,1
"[t2m_mean_p(0)(p=2.5, 5)]",-82621.43980068994,-82621.43980068994,1283.637240183842,1286.5493099349142,60.801610121068315,60.72925425366375,-0.17886827445903516,0,1
"[t2m_max_p(1)(p=2.5, 20)]",-82622.18838036465,-82622.18838036465,1284.3858198585344,1286.5742222188608,63.92788025149523,63.8885633875136,-0.18365007489852453,0,1
"[tp_24hmax_log_p(5)(p=2.5, 5)]",-82623.35943214691,-82623.35943214691,1285.5568716408077,1288.7335315751936,51.43573679794846,51.33421637455728,-0.15661883257944106,0,1
"[t2m_min_p(0)(p=2.5, 20)]",-82636.82835771985,-82623.73838007142,1299.0257972137551,1295.6804251779718,61.24753471922297,60.82039841017046,-0.1786812621785444,1,1
"[rh_mean_p(5)(p=2.5, 5)]",-82628.13723667146,-82628.13723667146,1290.334676165372,1293.4054433212987,51.089006588126885,50.99338178443744,-0.16564335823136106,0,1
"[t2m_mean_p(5)(p=2.5, 5)]",-82632.64052134447,-82632.63599866361,1294.837960838373,1298.035290117581,61.502078380258716,61.42008615592962,-0.17784826046401822,55,1
"[t2m_mean_p(1)(p=5.0, 10)]",-82647.43461059776,-82639.9235129915,1309.6320500916522,1309.2222108254582,59.84512444264709,59.84406841523958,-0.1769148825290394,1,1
"[tp_24hmax_log_p(2)(p=2.5, 5)]",-82643.76396253797,-82643.76396253797,1305.9614020318634,1308.9913747106611,65.65425455038402,65.58177176709485,-0.19908402770003697,0,1
"[t2m_max_p(1)(p=2.5, 5)]",-82648.59325089326,-82648.58501166626,1310.790690387167,1312.744010895468,62.83894565819335,62.80805876295977,-0.18331940131789656,15,1
"[t2m_mean_p(1)(p=2.5, 5)]",-82650.8261395006,-82650.8261395006,1313.023578994486,1311.6511272940486,59.771338402444734,59.75680494582958,-0.1769788031511894,0,1
"[t2m_min_p(0)(p=2.5, 5)]",-82651.7574912631,-82651.7574912631,1313.9549307570044,1317.108289495418,61.06717694504613,60.98286056443893,-0.17799631542804628,0,1
"[tp_24hmax_log_p(0)(p=2.5, 5)]",-82652.00858937803,-82652.00858937803,1314.2060288719267,1317.3637777883005,62.63812763299321,62.55570287672903,-0.1895674513237424,0,1
"[rh_mean_p(6)(p=2.5, 5)]",-82677.42331604923,-82677.42331604923,1339.6207555431342,1342.6437887918587,59.41255683214518,59.33273733391274,-0.19086395867347505,0,1
"[t2m_max_p(6)(p=2.5, 20)]",-82679.14101248847,-82679.14101248847,1341.338451982374,1344.434505134808,66.83437332772847,66.76001699963176,-0.1849289384707916,0,1
"[t2m_min_p(3)(p=2.5, 20)]",-82682.25074543386,-82682.25074543386,1344.4481849277663,1347.4904776462863,63.51355815875856,63.43795140935724,-0.18608170434337665,0,1
"[t2m_max_p(6)(p=2.5, 5)]",-82682.27644357181,-82682.27644357181,1344.4738830657154,1347.5661606789706,66.83250827025384,66.75832187742024,-0.18567522177863297,0,1
"[t2m_mean_p(6)(p=5.0, 10)]",-82685.8650945157,-82685.8650945157,1348.0625340095892,1351.1763147538304,63.51276431788017,63.433617364489685,-0.18429814791339644,0,1
"[t2m_min_p(3)(p=2.5, 5)]",-82691.8229999386,-82691.8229999386,1354.020439432487,1357.104410477779,63.23286602999852,63.15484517998926,-0.1858040063250901,0,1
"[t2m_max_p(2)(p=2.5, 20)]",-82695.71661773909,-82695.71661773909,1357.9140572329986,1361.0435568400999,61.734208336894056,61.65194689910604,-0.1827154381710674,0,1
"[t2m_mean_p(2)(p=5.0, 10)]",-82704.09925795197,-82695.8648563452,1366.2966974458654,1366.1858201321836,60.31472771149292,60.1637651353357,-0.17786657296214517,1,1
"[t2m_mean_p(2)(p=2.5, 5)]",-82704.9563389702,-82704.9563389702,1367.1537784640918,1370.0412812726936,60.174833475269,60.10276053501716,-0.17734345781392596,0,1
"[t2m_mean_p(6)(p=2.5, 5)]",-82711.10807865376,-82711.10632953086,1373.3055181476716,1376.4886379112745,62.78790715914702,62.7076656544833,-0.18342774654877414,32,1
"[t2m_max_p(2)(p=2.5, 5)]",-82712.33521820328,-82712.33104497772,1374.5326576971827,1377.6457030446393,60.94058857967303,60.85827235503493,-0.1825729811122738,2,1
"[t2m_min_p(4)(p=2.5, 5)]",-82777.95273421778,-82777.95273421778,1440.1501737116794,1443.2430536692073,63.77546307663381,63.69749026659321,-0.1859499232285466,0,1
"[rh_mean_p(2)(p=2.5, 5)]",-82824.83881892281,-82778.59345147823,1487.0362584167235,1483.9884696675088,66.21199734714176,65.95526986751798,-0.19325530756909584,1,1
"[t2m_min_p(4)(p=2.5, 20)]",-82781.38244670103,-82781.38244670103,1443.5798861949322,1446.661513543066,63.67587203892106,63.598326930455215,-0.1861428533876037,0,1
"[t2m_min_p(5)(p=2.5, 5)]",-82792.23413116574,-82792.23413116574,1454.4315706596403,1457.5197808222306,62.50591737829681,62.42656466771393,-0.1841644870909981,0,1
"[t2m_min_p(6)(p=2.5, 20)]",-82792.39457552935,-82792.39457552935,1454.592015023255,1457.6757565753346,61.79642500691788,61.7163875410009,-0.18516207500158943,0,1
"[t2m_min_p(6)(p=2.5, 5)]",-82793.57340361741,-82793.57340361741,1455.7708431113058,1458.8364446227197,61.592604346784285,61.51322374188232,-0.184300187850835,0,1
"[t2m_min_p(5)(p=2.5, 20)]",-82794.53870624356,-82794.53870624356,1456.7361457374673,1459.8230710235152,62.75378114701889,62.674801994450505,-0.18387425506124128,0,1
"[rh_mean_p(4)(p=2.5, 5)]",-82813.75494739009,-82813.75494739009,1475.9523868839988,1479.1568173682838,56.49084977717224,56.39637541588188,-0.17323713598366375,0,1
"[tp_24hmean_log_p(4)(p=2.5, 5)]",-82876.82050008047,-82876.82050008047,1539.0179395743867,1542.2015893216692,57.750460482442605,57.659076054792756,-0.17723077224074618,0,1
"[tp_24hmax_log_p(4)(p=2.5, 5)]",-82907.14961636349,-82897.01587166399,1569.347055857387,1573.053720052889,58.44853427818935,58.35548556259231,-0.18286560998532125,1,1
"[tp_24hmax_log_p(3)(p=2.5, 5)]",-83038.05720658752,-83038.05720658752,1700.2546460814085,1703.3850880714776,66.0356013196474,65.95797145244445,-0.19635301824897775,0,1
"[tp_24hmean_log_p(3)(p=2.5, 5)]",-83038.2996815228,-83038.2996815228,1700.497121016689,1703.5551999146878,66.40823827979804,66.3344966961661,-0.19490477417894142,0,1
"[rh_mean_p(3)(p=2.5, 5)]",-83096.85631867674,-83096.85631867674,1759.0537581706446,1762.1471075952848,63.135493198579304,63.056042658682415,-0.18924779497009542,0,1
